{
    "vertices":[0.628776,0.67972,-0.396138,0.870957,0.406577,-0.441061,0.908609,0.683251,-0.129879,1.20151,0.43108,-0.211992,0.915579,0.639494,0.123235,1.20536,0.427468,0.186384,0.663848,0.45343,0.417185,0.64277,0.913658,0.173014,0.266838,0.680872,0.352323,0.436738,0.134484,0.664391,0.388272,-0.127794,0.687968,0.926598,-0.514583,0.509705,0.110665,-0.671212,0.414242,0.149892,-0.392427,0.657644,0.0709089,-0.00197415,0.793949,-0.262207,-0.402605,0.654599,-0.22401,-0.120014,0.757971,-0.387412,-0.674917,0.397551,-0.309124,-0.777128,0.155208,0.341924,-0.725549,0.210882,0.120757,-0.750011,-0.199151,-0.330056,-0.676643,-0.380699,0.187036,-0.414724,-0.636141,-0.360126,-0.395111,-0.623694,-0.074951,-0.129802,-0.765386,-0.164782,0.187181,-0.751813,-0.0880209,0.40154,-0.673095,-0.288959,0.592337,-0.464583,0.266322,0.664562,-0.397644,0.43328,0.18586,-0.669669,0.365765,-0.143653,-0.688099,0.754216,-0.130424,-0.730017,1.11619,0.129066,-0.591551,0.801015,-0.425629,-0.608576,0.735444,-0.646413,-0.436302,1.06173,-0.716865,-0.145747,1.09968,-0.694772,0.156965,1.45217,-0.413096,0.153941,1.45684,-0.417448,-0.134289,1.50748,-0.135605,0.279271,1.50478,-0.136886,-0.277077,1.4739,0.16863,0.171541,1.47359,0.14396,-0.23177,1.24993,-0.44774,-0.452994,1.2003,-0.140183,-0.610703,1.22244,-0.446277,0.445574,1.12016,-0.141482,0.599579,1.21965,0.171366,0.500328,-0.568553,-0.108283,-0.640518,-0.963682,-0.712157,-0.411358,-0.962895,-0.416126,-0.56627,-1.29178,-0.431129,-0.414874,-1.21413,-0.151368,-0.468496,-0.821841,0.194005,-0.450523,-0.775854,0.407317,-0.150406,-0.474419,0.459389,0.487599,-0.942919,0.151124,0.420438,-0.824816,0.380953,0.157387,-1.23182,0.155215,-0.123294,-1.38396,0.0010864,0.150165,-1.26887,-0.14788,0.415509,-0.897364,-0.154716,0.58517,-0.94195,-0.422882,0.574276,-1.27689,-0.420573,0.424493,-0.930798,-0.702462,0.424686,-1.29598,-0.701843,0.178482,-0.936568,-0.869733,0.137484,-0.923919,-0.872613,-0.114566,-1.30254,-0.709774,-0.150943,-1.48356,-0.258787,-0.13382,-1.45611,-0.407769,0.146607,-0.276902,0.167419,0.739578,-0.0689524,0.393805,0.702197,-0.184007,0.663194,0.405805,-0.330214,0.725994,0.166239,0.178264,0.799335,0.19857,-0.302437,0.73698,-0.130815,0.0874634,0.778172,-0.125239,0.372428,0.946053,-0.122666,0.635599,0.955696,-0.13089],
    "materials":[],
    "faces":[34,2,1,0,0,0,0,0,34,2,3,1,0,1,1,1,34,5,3,4,0,2,2,2,34,5,4,6,0,3,3,3,34,4,7,6,0,4,4,4,34,13,11,10,0,5,5,5,34,10,14,13,0,6,6,6,34,10,9,14,0,7,7,7,34,14,15,13,0,8,8,8,34,12,15,17,0,9,9,9,34,12,18,19,0,10,10,10,34,26,27,28,0,11,11,11,34,35,36,19,0,12,12,12,34,36,11,19,0,13,13,13,34,38,36,35,0,14,14,14,34,38,39,37,0,15,15,15,34,42,39,40,0,16,16,16,34,3,41,42,0,17,17,17,34,43,40,38,0,18,18,18,34,39,45,37,0,19,19,19,34,47,46,39,0,20,20,20,34,46,11,45,0,21,21,21,34,43,35,34,0,22,22,22,34,44,33,31,0,23,23,23,34,25,24,48,0,24,24,24,34,24,30,22,0,25,25,25,34,48,24,23,0,26,26,26,34,23,21,49,0,27,27,27,34,50,23,49,0,28,28,28,34,50,49,51,0,29,29,29,34,76,27,54,0,30,30,30,34,74,54,57,0,31,31,31,34,55,74,57,0,32,32,32,34,55,57,56,0,33,33,33,34,58,59,57,0,34,34,34,34,61,60,62,0,35,35,35,34,63,62,60,0,36,36,36,34,62,63,64,0,37,37,37,34,66,64,65,0,38,38,38,34,68,66,65,0,39,39,39,34,49,67,68,0,40,40,40,34,70,68,65,0,41,41,41,34,69,70,59,0,42,42,42,34,69,51,68,0,43,43,43,34,70,65,63,0,44,44,44,34,65,64,63,0,45,45,45,34,60,61,56,0,46,46,46,34,71,61,16,0,47,47,47,34,15,61,62,0,48,48,48,34,14,72,71,0,49,49,49,34,8,74,73,0,50,50,50,34,75,76,74,0,51,51,51,34,69,59,58,0,52,52,52,34,59,56,57,0,53,53,53,34,20,18,67,0,54,54,54,34,6,72,9,0,55,55,55,34,1,32,29,0,56,56,56,34,78,7,79,0,57,57,57,34,7,75,8,0,58,58,58,34,46,9,10,0,59,59,59,34,78,75,7,0,60,60,60,34,42,32,3,0,61,61,61,34,42,44,32,0,62,62,62,34,38,35,43,0,63,63,63,34,41,5,47,0,64,64,64,34,47,39,41,0,65,65,65,34,36,37,45,0,66,66,66,34,3,32,1,0,67,67,67,34,32,44,31,0,68,68,68,34,33,43,34,0,69,69,69,34,36,45,11,0,70,70,70,34,25,29,24,0,71,71,71,34,33,34,22,0,72,72,72,34,28,76,77,0,73,73,73,34,6,8,72,0,74,74,74,34,0,1,29,0,75,75,75,34,28,0,29,0,76,76,76,34,33,30,31,0,77,77,77,34,79,2,0,0,78,78,78,34,7,8,6,0,79,79,79,34,47,6,9,0,80,80,80,34,29,25,26,0,81,81,81,34,78,28,77,0,82,82,82,34,14,9,72,0,83,83,83,34,27,26,25,0,84,84,84,34,74,55,73,0,85,85,85,34,55,56,71,0,86,86,86,34,17,62,64,0,87,87,87,34,25,48,53,0,88,88,88,34,48,23,50,0,89,89,89,34,49,21,67,0,90,90,90,34,72,55,71,0,91,91,91,34,18,17,64,0,92,92,92,34,66,18,64,0,93,93,93,34,53,58,54,0,94,94,94,34,49,68,51,0,95,95,95,34,52,69,58,0,96,96,96,34,70,60,59,0,97,97,97,34,3,2,4,0,98,98,98,34,11,13,12,0,99,99,99,34,14,16,15,0,100,100,100,34,12,13,15,0,101,101,101,34,12,17,18,0,102,102,102,34,20,19,18,0,103,103,103,34,23,22,21,0,104,104,104,34,24,22,23,0,105,105,105,34,29,31,30,0,106,106,106,34,29,32,31,0,107,107,107,34,38,37,36,0,108,108,108,34,38,40,39,0,109,109,109,34,42,41,39,0,110,110,110,34,3,5,41,0,111,111,111,34,44,40,43,0,112,112,112,34,45,39,46,0,113,113,113,34,20,35,19,0,114,114,114,34,35,20,34,0,115,115,115,34,44,43,33,0,116,116,116,34,22,34,21,0,117,117,117,34,52,50,51,0,118,118,118,34,27,25,53,0,119,119,119,34,27,53,54,0,120,120,120,34,74,76,54,0,121,121,121,34,54,58,57,0,122,122,122,34,60,56,59,0,123,123,123,34,68,67,66,0,124,124,124,34,67,18,66,0,125,125,125,34,70,69,68,0,126,126,126,34,71,56,61,0,127,127,127,34,15,16,61,0,128,128,128,34,72,8,73,0,129,129,129,34,8,75,74,0,130,130,130,34,75,77,76,0,131,131,131,34,75,78,77,0,132,132,132,34,72,73,55,0,133,133,133,34,58,53,52,0,134,134,134,34,34,20,21,0,135,135,135,34,21,20,67,0,136,136,136,34,46,10,11,0,137,137,137,34,2,79,7,0,138,138,138,34,4,2,7,0,139,139,139,34,46,47,9,0,140,140,140,34,0,28,78,0,141,141,141,34,78,79,0,0,142,142,142,34,42,40,44,0,143,143,143,34,47,5,6,0,144,144,144,34,29,30,24,0,145,145,145,34,28,27,76,0,146,146,146,34,14,71,16,0,147,147,147,34,19,11,12,0,148,148,148,34,33,22,30,0,149,149,149,34,29,26,28,0,150,150,150,34,17,15,62,0,151,151,151,34,53,48,52,0,152,152,152,34,52,48,50,0,153,153,153,34,69,52,51,0,154,154,154,34,70,63,60,0,155,155,155],
    "metadata":{
        "vertices":80,
        "faces":156,
        "type":"Geometry",
        "uvs":0,
        "colors":0,
        "version":3,
        "materials":0,
        "normals":156,
        "generator":"io_three"
    },